City_ID,City,Country,Lat,Lng,Max Temp,Humidity,Cloudiness,Wind Speed,current description
0,Lata,PT,40.1629,-8.3327,54.07,83,29,10.13,scattered clouds
1,Hermanus,ZA,-34.4187,19.2345,62.8,69,81,14.36,broken clouds
2,Jamestown,US,42.097,-79.2353,34.18,56,75,20.71,broken clouds
3,Severo-Kurilsk,RU,50.6789,156.125,33.22,68,90,18.3,overcast clouds
4,Yarada,IN,17.65,83.2667,75.52,64,81,4.61,haze
5,Honiara,SB,-9.4333,159.95,77.18,86,93,0.16,overcast clouds
6,Pacific Grove,US,36.6177,-121.9166,57.65,86,0,8.99,clear sky
7,Kapaa,US,22.0752,-159.319,75.52,90,75,18.41,light rain
8,Baruun-Urt,MN,46.6806,113.2792,32.88,39,82,19.77,broken clouds
9,Cabo San Lucas,MX,22.8909,-109.9124,77.61,57,20,9.22,few clouds
10,La Ronge,CA,55.1001,-105.2842,21.45,79,100,13.8,light snow
11,Port Alfred,ZA,-33.5906,26.891,66.18,90,83,13.53,broken clouds
12,Manacapuru,BR,-3.2997,-60.6206,86.02,61,100,4.25,overcast clouds
13,Marovoay,MG,-16.1,46.6333,79.0,74,77,7.07,light rain
14,Saskylakh,RU,71.9167,114.0833,-32.6,98,26,6.98,scattered clouds
15,Cape Town,ZA,-33.9258,18.4232,67.08,57,75,11.5,broken clouds
16,Inhambane,MZ,-23.865,35.3833,76.39,73,0,12.26,clear sky
17,Castro,BR,-24.7911,-50.0119,74.75,35,0,6.6,clear sky
18,Albany,US,42.6001,-73.9662,41.34,46,29,3.0,scattered clouds
19,Kahului,US,20.8947,-156.47,78.84,76,0,5.75,clear sky
20,Cidreira,BR,-30.1811,-50.2056,73.13,61,36,14.9,scattered clouds
21,The Valley,AI,18.217,-63.0578,85.86,65,40,13.8,scattered clouds
22,Vaini,TO,-21.2,-175.2,71.76,94,20,2.3,few clouds
23,Rikitea,PF,-23.1203,-134.9692,71.22,69,64,14.12,broken clouds
24,New Norfolk,AU,-42.7826,147.0587,51.3,72,61,1.01,broken clouds
25,Busselton,AU,-33.65,115.3333,54.12,64,98,11.86,overcast clouds
26,Bluff,NZ,-46.6,168.3333,58.8,96,100,14.47,overcast clouds
27,Butaritari,KI,3.0707,172.7902,80.89,76,19,20.33,few clouds
28,Marawi,PH,7.9986,124.2928,70.23,94,100,0.36,overcast clouds
29,Souillac,MU,-20.5167,57.5167,71.98,68,40,2.3,scattered clouds
30,Polovinnoye,RU,54.7914,65.9864,14.04,89,97,8.1,overcast clouds
31,Seoul,KR,37.5683,126.9778,47.64,100,82,2.3,fog
32,Faya,SA,18.3851,42.4509,60.91,80,26,4.5,scattered clouds
33,Pyaozerskiy,RU,65.8333,31.1667,30.81,90,84,2.3,broken clouds
34,Thinadhoo,MV,0.5333,72.9333,81.82,75,83,13.65,broken clouds
35,Punta Arenas,CL,-53.15,-70.9167,62.71,29,75,28.77,broken clouds
36,Yellowknife,CA,62.456,-114.3525,19.92,86,75,5.75,broken clouds
37,Mount Isa,AU,-20.7333,139.5,71.37,64,0,3.44,clear sky
38,Ust-Ishim,RU,57.6935,71.1665,0.5,95,6,7.09,clear sky
39,Plerin,FR,48.5425,-2.7798,46.72,88,0,5.75,clear sky
40,Ushuaia,AR,-54.8,-68.3,60.42,36,40,9.22,scattered clouds
41,Pisco,PE,-13.7,-76.2167,69.85,64,0,9.22,clear sky
42,Mhlume,SZ,-26.0333,31.85,75.85,73,52,5.37,light rain
43,Clyde River,CA,70.4692,-68.5914,-0.17,78,100,9.22,overcast clouds
44,Bambous Virieux,MU,-20.3428,57.7575,71.85,68,40,2.3,scattered clouds
45,Bengkulu,ID,-3.8004,102.2655,75.58,90,100,7.18,light rain
46,Upernavik,GL,72.7868,-56.1549,7.21,88,48,13.4,scattered clouds
47,Vaitape,PF,-16.5167,-151.75,78.6,80,89,10.02,moderate rain
48,Bredasdorp,ZA,-34.5322,20.0403,62.2,65,58,13.0,broken clouds
49,Tasiilaq,GL,65.6145,-37.6368,37.56,83,100,25.97,overcast clouds
50,Stavern,NO,59.0,10.0333,35.33,84,99,19.71,overcast clouds
51,Kaitangata,NZ,-46.2817,169.8464,54.07,96,100,10.78,overcast clouds
52,Daru,PG,-9.0763,143.2092,80.58,83,96,6.06,overcast clouds
53,Luderitz,NA,-26.6481,15.1594,64.89,65,54,25.64,broken clouds
54,Hammerfest,NO,70.6634,23.6821,30.65,74,0,3.44,clear sky
55,Saint-Philippe,RE,-21.3585,55.7679,72.99,68,15,5.88,few clouds
56,Abadiania,BR,-16.2042,-48.7069,83.32,36,44,6.4,scattered clouds
57,Kailua,US,21.4022,-157.7394,75.65,92,97,1.01,light rain
58,Tuktoyaktuk,CA,69.4541,-133.0374,19.4,79,75,0.0,broken clouds
59,Beyneu,KZ,45.3167,55.2,42.44,78,13,9.1,few clouds
60,Kingaroy,AU,-26.5333,151.8333,51.98,89,0,2.04,clear sky
61,East London,ZA,-33.0153,27.9116,67.14,88,20,13.8,few clouds
62,Salalah,OM,17.0151,54.0924,80.69,69,75,5.75,broken clouds
63,Jhang,PK,33.6748,72.6963,56.61,35,68,2.57,broken clouds
64,Grand Gaube,MU,-20.0064,57.6608,72.0,65,70,3.0,broken clouds
65,Merauke,ID,-8.4667,140.3333,80.19,85,98,5.95,overcast clouds
66,Prince Rupert,CA,54.3161,-130.3201,40.69,70,0,13.8,clear sky
67,Malanje,AO,-9.5402,16.341,67.24,85,80,4.38,light rain
68,Nikolskoye,RU,59.7035,30.7861,28.29,62,46,8.75,scattered clouds
69,Lewistown,US,40.5992,-77.5714,38.88,81,100,9.22,overcast clouds
70,Victoria,HK,22.2855,114.1577,77.38,81,16,5.01,few clouds
71,Airai,TL,-8.9266,125.4092,62.35,94,100,0.58,light rain
72,Boende,CD,-0.2167,20.8667,70.63,93,86,0.63,overcast clouds
73,Nidzica,PL,53.3605,20.4275,20.79,81,89,10.8,overcast clouds
74,Marsh Harbour,BS,26.5412,-77.0636,75.0,70,100,15.73,overcast clouds
75,Namatanai,PG,-3.6667,152.4333,78.78,76,100,5.48,overcast clouds
76,Burnie,AU,-41.0667,145.9167,51.94,87,100,9.37,overcast clouds
77,Fortuna,US,40.5982,-124.1573,46.09,96,0,3.44,clear sky
78,Vao,NC,-22.6667,167.4833,71.98,81,100,14.76,overcast clouds
79,Jiangkou,CN,25.4872,119.1986,66.63,87,6,7.43,clear sky
80,Bethel,US,41.3712,-73.414,43.54,46,0,10.36,clear sky
81,At-Bashi,KG,41.1702,75.8106,26.15,61,100,2.1,overcast clouds
82,Norman Wells,CA,65.282,-126.8329,-0.36,85,20,3.44,few clouds
83,Vanimo,PG,-2.6741,141.3028,79.56,83,100,1.99,overcast clouds
84,Lachute,CA,45.6501,-74.3325,29.37,86,100,2.95,light snow
85,Hilo,US,19.7297,-155.09,74.12,86,40,5.75,scattered clouds
86,Carnarvon,AU,-24.8667,113.6333,63.79,55,0,18.68,clear sky
87,Japura,ID,-0.3167,102.35,74.64,95,100,2.53,overcast clouds
88,Chokurdakh,RU,70.6333,147.9167,-3.68,98,100,6.69,overcast clouds
89,Bataipora,BR,-22.2953,-53.2711,94.12,19,0,2.89,clear sky
90,Margate,GB,51.3813,1.3862,50.11,80,53,1.99,broken clouds
91,Asau,RO,46.4333,26.4,38.32,88,99,3.96,overcast clouds
92,Puerto Ayora,EC,-0.7393,-90.3518,76.96,88,44,8.01,scattered clouds
93,Lavrentiya,RU,65.5833,-171.0,24.3,94,43,3.98,scattered clouds
94,Atuona,PF,-9.8,-139.0333,76.84,74,4,9.98,clear sky
95,Qaanaaq,GL,77.484,-69.3632,-7.47,57,92,7.54,overcast clouds
96,Mar Del Plata,AR,-38.0023,-57.5575,66.94,90,40,19.57,scattered clouds
97,Mataura,NZ,-46.1927,168.8643,58.48,89,100,7.58,overcast clouds
98,Torbay,CA,47.6666,-52.7314,42.58,78,75,20.71,broken clouds
99,Hobart,AU,-42.8794,147.3294,51.66,89,100,5.75,overcast clouds
100,Nome,US,64.5011,-165.4064,33.87,93,100,8.05,mist
101,Avarua,CK,-21.2078,-159.775,73.45,83,20,9.22,few clouds
102,Muros,ES,42.7762,-9.0603,54.09,86,75,17.78,broken clouds
103,Oussouye,SN,12.485,-16.5469,89.78,23,100,9.08,overcast clouds
104,Esperance,AU,-33.8667,121.9,55.04,67,100,25.43,overcast clouds
105,Hervey Bay,AU,-25.2986,152.8535,69.96,63,0,8.03,clear sky
106,Plettenberg Bay,ZA,-34.0527,23.3716,61.61,73,94,6.49,overcast clouds
107,Yen Bai,VN,21.7,104.8667,76.23,89,67,2.53,broken clouds
108,Rocha,UY,-34.4833,-54.3333,83.48,42,25,11.52,scattered clouds
109,Provideniya,RU,64.3833,-173.3,30.36,94,93,4.63,light snow
110,Shestakovo,RU,56.4915,103.96,-2.76,100,55,2.46,broken clouds
111,Harrisburg,US,40.2737,-76.8844,43.5,51,40,19.57,scattered clouds
112,Ribeira Grande,PT,38.5167,-28.7,64.8,55,75,9.22,broken clouds
113,Port-Cartier,CA,50.0334,-66.8654,28.62,77,96,6.76,overcast clouds
114,Kushiro,JP,42.975,144.3747,41.07,68,99,5.3,overcast clouds
115,Mapiripan,CO,2.8892,-72.1256,80.56,77,99,1.92,overcast clouds
116,Bose,IT,45.4612,8.0137,54.99,51,17,6.73,few clouds
117,Hambantota,LK,6.1241,81.1185,78.26,79,94,4.76,overcast clouds
118,Nishihara,JP,26.1842,127.7558,74.48,88,20,5.75,few clouds
119,Khatanga,RU,71.9667,102.5,-22.2,89,86,7.47,overcast clouds
120,Trancoso,MX,22.7333,-102.3667,67.75,39,31,10.98,scattered clouds
121,Singaparna,ID,-7.3515,108.111,72.16,95,99,1.74,heavy intensity rain
122,Dikson,RU,73.5069,80.5464,-5.1,93,100,24.96,overcast clouds
123,College,US,64.8569,-147.8028,3.97,80,40,0.0,scattered clouds
124,Hasaki,JP,35.7333,140.8333,45.0,71,72,5.41,broken clouds
125,Carballo,ES,43.213,-8.691,54.86,82,55,8.08,broken clouds
126,Magdagachi,RU,53.45,125.8,13.77,95,100,7.61,overcast clouds
127,Lagoa,PT,39.05,-27.9833,62.24,66,82,10.8,broken clouds
128,Port Blair,IN,11.6667,92.75,80.06,83,88,10.49,overcast clouds
129,Verkhoyansk,RU,67.5447,133.385,-31.92,99,70,3.13,broken clouds
130,Toora-Khem,RU,52.4675,96.11,-1.93,99,93,0.67,overcast clouds
131,Shimoda,JP,34.6667,138.95,53.1,62,12,7.76,few clouds
132,Coihaique,CL,-45.5752,-72.0662,61.41,44,20,11.5,few clouds
133,Taltal,CL,-25.4,-70.4833,64.8,78,49,3.76,scattered clouds
134,Gazanjyk,TM,39.2446,55.5154,58.77,64,0,2.71,clear sky
135,Lompoc,US,34.6391,-120.4579,63.93,90,0,4.61,clear sky
136,Ahipara,NZ,-35.1667,173.1667,60.21,91,25,13.56,scattered clouds
137,Pochutla,MX,15.7432,-96.4661,89.42,61,24,4.88,few clouds
138,Sarishabari,BD,24.7333,89.8333,71.08,75,1,8.3,clear sky
139,Riachao Das Neves,BR,-11.7461,-44.91,87.91,46,18,4.76,few clouds
140,Nagykanizsa,HU,46.4535,16.991,47.01,91,100,1.5,light rain
141,Ancud,CL,-41.8697,-73.8203,56.95,64,22,11.74,few clouds
142,Saint-Francois,FR,46.4154,3.9054,42.67,93,0,4.61,clear sky
143,Moree,AU,-29.4667,149.85,61.7,36,3,6.64,clear sky
144,Fairbanks,US,64.8378,-147.7164,3.97,81,0,0.0,clear sky
145,Arraial Do Cabo,BR,-22.9661,-42.0278,78.76,57,0,16.11,clear sky
146,Husavik,IS,66.0449,-17.3389,44.76,82,100,15.5,overcast clouds
147,Ola,RU,59.5833,151.2833,-9.47,87,18,7.45,few clouds
148,Ewa Beach,US,21.3156,-158.0072,75.6,85,0,3.44,clear sky
149,Westport,US,41.1415,-73.3579,45.03,44,0,12.66,clear sky
150,Nantucket,US,41.2835,-70.0995,46.51,67,100,13.8,overcast clouds
151,Hithadhoo,MV,-0.6,73.0833,81.36,79,33,12.35,scattered clouds
152,Kieta,PG,-6.2167,155.6333,78.22,86,100,1.05,overcast clouds
153,Pachino,IT,36.7186,15.0907,68.09,76,0,20.92,clear sky
154,Kodiak,US,57.79,-152.4072,40.51,93,20,14.97,few clouds
155,Cap Malheureux,MU,-19.9842,57.6142,70.47,65,71,3.0,broken clouds
156,Amapa,BR,1.0,-52.0,96.6,31,85,3.38,overcast clouds
157,Caravelas,BR,-17.7125,-39.2481,75.18,87,100,13.89,overcast clouds
158,Gat,IL,31.61,34.7642,67.41,100,0,6.8,clear sky
159,Grahamstown,ZA,-33.3042,26.5328,59.95,81,85,12.86,overcast clouds
160,Miri,MY,4.4148,114.0089,77.14,94,40,3.44,scattered clouds
161,Barrow,US,71.2906,-156.7887,33.82,86,100,24.16,overcast clouds
162,Gopalganj,IN,26.4667,84.4333,65.43,38,0,5.5,clear sky
163,Nioro,GM,13.35,-15.75,93.06,20,94,5.08,overcast clouds
164,Jinchang,CN,38.4953,102.1739,34.79,33,0,4.05,clear sky
165,Sao Filipe,CV,14.8961,-24.4956,82.08,58,100,8.72,overcast clouds
166,Cherskiy,RU,68.75,161.3,-36.54,100,17,4.36,few clouds
167,Klaksvik,FO,62.2266,-6.589,47.32,86,100,33.76,light rain
168,Pihani,IN,27.6333,80.2,66.02,52,0,1.88,clear sky
169,Leshukonskoye,RU,64.8989,45.7622,10.9,99,78,2.57,broken clouds
170,Saint-Pierre,RE,-21.3393,55.4781,73.08,60,0,5.75,clear sky
171,Mayo,US,38.8876,-76.5119,47.21,44,0,8.01,clear sky
172,Aswan,EG,24.0934,32.907,72.7,28,0,6.91,clear sky
173,Kulhudhuffushi,MV,6.6221,73.07,82.0,73,100,6.35,overcast clouds
174,Shelburne,CA,44.0787,-80.2041,32.45,73,66,16.62,broken clouds
175,Hirara,JP,24.8,125.2833,76.98,79,3,4.61,clear sky
176,Stephenville,US,32.2207,-98.2023,50.77,59,100,8.05,overcast clouds
177,Longyearbyen,SJ,78.2186,15.6401,40.84,75,75,11.5,broken clouds
178,Los Llanos De Aridane,ES,28.6585,-17.9182,69.55,88,20,16.11,few clouds
179,Tiksi,RU,71.6872,128.8694,-10.25,90,100,5.21,overcast clouds
180,Mawlaik,MM,23.6333,94.4167,63.64,80,0,1.21,clear sky
181,Bitung,ID,1.4451,125.1824,76.05,84,98,5.06,overcast clouds
182,Mahebourg,MU,-20.4081,57.7,71.89,68,40,2.3,scattered clouds
183,Anadyr,RU,64.75,177.4833,-5.01,76,20,8.95,few clouds
184,Kholodnyy,RU,62.7167,147.95,-33.47,100,69,1.14,broken clouds
185,Leh,IN,34.1667,77.5833,18.97,53,58,1.63,broken clouds
186,Tilichiki,RU,60.4667,166.1,5.22,87,71,4.21,broken clouds
187,Monroe,US,43.1501,-77.6831,35.91,81,40,17.27,light rain
188,Kouqian,CN,43.6391,126.4578,32.52,79,100,4.43,overcast clouds
189,Bathurst,AU,-33.4166,149.5806,52.72,91,94,2.82,overcast clouds
190,Umm Lajj,SA,25.0213,37.2685,77.11,53,100,8.19,overcast clouds
191,Mujiayingzi,CN,42.1167,118.7833,34.16,75,99,6.76,overcast clouds
192,Puerto Narino,CO,-3.7703,-70.3831,85.08,69,97,0.72,overcast clouds
193,Mindelo,CV,16.8901,-24.9804,81.95,54,0,29.93,clear sky
194,Hami,CN,42.8,93.45,35.47,49,99,5.06,overcast clouds
195,Srednekolymsk,RU,67.45,153.6833,-13.72,97,95,9.69,overcast clouds
196,Miranpur,IN,29.3,77.9333,63.09,50,7,3.49,clear sky
197,Motrico,PH,15.4136,120.6765,80.1,87,98,0.36,overcast clouds
198,Tariba,VE,7.8188,-72.2243,73.96,67,98,3.6,light rain
199,Price,US,39.5994,-110.8107,34.86,37,0,16.11,clear sky
200,Kayiry,UA,46.9454,33.7059,41.68,78,57,10.87,broken clouds
201,Severodvinsk,RU,64.5635,39.8302,28.51,86,93,6.87,overcast clouds
202,Chokwe,MZ,-24.5333,32.9833,92.68,31,21,3.94,few clouds
203,Ponyri,RU,52.3186,36.3039,21.67,91,42,3.29,scattered clouds
204,Alta Floresta,BR,-9.8756,-56.0861,87.62,66,40,3.44,light rain
205,Alingsas,SE,57.9303,12.5335,36.52,81,54,8.9,broken clouds
206,Chuguyevka,RU,44.1653,133.8633,27.14,97,93,2.01,overcast clouds
207,Akyab,MM,20.15,92.9,77.41,61,41,7.29,scattered clouds
208,Ardalstangen,NO,61.2371,7.6983,36.09,74,3,7.45,clear sky
209,Pevek,RU,69.7008,170.3133,-19.23,100,93,3.98,overcast clouds
210,Pizarro,CO,4.9533,-77.366,76.71,90,100,0.81,overcast clouds
211,Bubaque,GW,11.2833,-15.8333,83.62,63,94,7.72,overcast clouds
212,Berlevag,NO,70.8578,29.0864,35.6,74,38,24.16,scattered clouds
213,Esna,EG,25.2934,32.554,68.02,28,45,7.7,scattered clouds
214,Baoqing,CN,46.3317,132.2111,23.0,91,13,3.53,few clouds
215,Varnavino,RU,57.4035,45.0916,24.82,76,100,14.94,overcast clouds
216,Mbeya,TZ,-8.9,33.45,64.94,67,80,4.03,broken clouds
217,Matara,LK,5.9485,80.5353,74.03,82,71,5.06,broken clouds
218,Maarianhamina,AX,60.0973,19.9348,31.86,74,75,12.66,broken clouds
219,Brigantine,US,39.4101,-74.3646,45.09,44,0,11.5,clear sky
220,Celendin,PE,-6.8703,-78.1517,73.92,52,59,6.87,broken clouds
221,Ugoofaaru,MV,5.6667,73.0,82.31,74,100,7.81,overcast clouds
222,Morondava,MG,-20.2833,44.2833,80.28,71,0,12.41,clear sky
223,Vaasa,FI,63.096,21.6158,27.95,93,100,8.05,overcast clouds
224,Zelenyy Bor,RU,53.6667,91.6667,17.98,77,92,2.71,overcast clouds
225,Chapleau,CA,47.8405,-83.4034,17.69,73,75,4.61,broken clouds
226,Brae,GB,60.3964,-1.353,46.4,74,98,30.13,overcast clouds
227,Uvat,RU,59.1433,68.8953,3.47,93,18,10.09,few clouds
228,Ketchikan,US,55.3422,-131.6461,28.87,93,0,4.61,clear sky
229,Callaguip,PH,18.0714,120.4867,79.27,74,76,4.97,broken clouds
230,San Quintin,MX,30.4833,-115.95,62.98,46,0,4.52,clear sky
231,Lovozero,RU,68.005,35.0117,29.48,80,97,2.39,overcast clouds
232,Whitehorse,CA,60.7161,-135.0538,8.82,84,75,10.36,light snow
233,Ambulu,ID,-8.345,113.6058,75.63,84,100,2.66,light rain
234,La Romana,DO,18.4273,-68.9728,86.36,62,40,13.8,scattered clouds
235,Lebu,CL,-37.6167,-73.65,61.77,81,25,12.93,scattered clouds
236,Kodinsk,RU,58.6881,99.1844,-3.32,97,95,3.0,overcast clouds
237,Arandis,NA,-22.4167,14.9667,73.96,29,96,7.67,overcast clouds
238,Liwale,TZ,-9.7667,37.9333,77.38,58,87,6.67,overcast clouds
239,Lima,PE,-12.0432,-77.0282,66.45,68,75,8.05,broken clouds
240,Buesaco,CO,1.3902,-77.1598,68.25,78,20,5.75,few clouds
241,Batagay-Alyta,RU,67.8006,130.4114,-15.56,96,100,4.23,overcast clouds
242,Flinders,AU,-34.5833,150.8552,55.18,83,18,5.01,few clouds
243,Mianyang,CN,31.4593,104.7542,56.39,72,32,3.06,scattered clouds
244,Ylivieska,FI,64.0833,24.55,20.88,91,75,3.71,broken clouds
245,Ahuimanu,US,21.4447,-157.8378,75.36,90,40,3.44,scattered clouds
246,Asha,RU,54.9973,57.2722,25.56,97,100,3.44,light snow
247,Pahrump,US,36.2083,-115.9839,54.32,20,100,1.97,overcast clouds
248,San Patricio,US,28.017,-97.5169,59.09,63,100,13.04,overcast clouds
249,Port Elizabeth,ZA,-33.918,25.5701,66.49,77,75,12.66,broken clouds
250,Jinji,CN,23.2281,110.8261,77.74,65,100,2.86,overcast clouds
251,Severnyy,RU,50.677,36.5532,26.64,86,75,2.24,broken clouds
252,Sovetskiy,RU,61.3614,63.5842,11.46,88,63,9.24,broken clouds
253,Padilla,CO,3.2204,-76.3139,82.89,70,100,2.39,overcast clouds
254,Te Anau,NZ,-45.4167,167.7167,53.74,95,98,1.05,overcast clouds
255,Tuatapere,NZ,-46.1333,167.6833,53.85,94,100,3.42,overcast clouds
256,Birin,NP,26.8865,88.0718,50.52,78,1,5.28,clear sky
257,Aksehir,TR,38.3575,31.4164,52.34,75,100,7.74,overcast clouds
258,Paamiut,GL,61.994,-49.6678,23.18,82,100,6.26,overcast clouds
259,Magrath,CA,49.4167,-112.8686,24.94,62,4,9.22,clear sky
260,Kenai,US,60.5544,-151.2583,27.14,87,0,8.05,clear sky
261,Mayumba,GA,-3.432,10.6554,77.41,86,70,7.67,broken clouds
262,Katsuura,JP,35.1333,140.3,58.1,79,23,9.06,few clouds
263,Banon,ES,40.8382,-1.1909,49.26,82,0,5.75,clear sky
264,Henties Bay,NA,-22.116,14.2845,61.57,81,91,7.38,overcast clouds
265,Lysychovo,UA,48.4968,23.2899,42.91,98,100,4.61,moderate rain
266,Beloha,MG,-25.1667,45.05,71.76,73,3,8.41,clear sky
267,Bobrovka,RU,54.047,61.7455,20.7,95,100,8.08,light snow
268,Suez,EG,29.9737,32.5263,67.59,59,0,7.85,clear sky
269,Mbengwi,CM,6.0167,10.0,67.77,68,82,2.59,broken clouds
270,Batemans Bay,AU,-35.7167,150.1833,49.48,91,60,3.53,broken clouds
271,Ganzhou,CN,28.8184,115.4327,59.54,92,98,2.51,overcast clouds
272,Bandarbeyla,SO,9.4942,50.8122,79.99,79,2,17.81,light rain
273,Kalaleh,IR,37.3807,55.4916,60.4,67,0,4.61,clear sky
274,Erenhot,CN,43.6475,111.9767,37.35,28,27,27.63,scattered clouds
275,Marana,US,32.4367,-111.2254,68.97,29,71,6.69,broken clouds
276,Cabedelo,BR,-6.9811,-34.8339,86.67,66,76,11.45,broken clouds
277,Pangnirtung,CA,66.1451,-65.7125,-0.89,78,80,6.62,broken clouds
278,Iskateley,RU,67.6803,53.1512,8.85,96,37,2.68,scattered clouds
279,Moerai,PF,-22.4333,-151.3333,71.87,69,90,16.08,overcast clouds
280,Paita,PE,-5.0892,-81.1144,72.68,69,55,14.61,broken clouds
281,Muana,BR,-1.5283,-49.2167,89.37,55,92,5.01,overcast clouds
282,Kindu,CD,-2.95,25.95,68.22,100,96,1.05,overcast clouds
283,Sochi,RU,43.6,39.7303,53.69,80,99,9.66,overcast clouds
284,Bongaree,AU,-27.0797,153.1586,63.21,78,3,5.37,clear sky
285,Georgetown,MY,5.4112,100.3354,80.53,87,20,8.05,few clouds
286,Saint George,US,37.1041,-113.5841,46.44,42,0,1.99,clear sky
287,Xucheng,CN,20.35,110.1288,74.79,83,23,7.47,few clouds
288,Iqaluit,CA,63.7506,-68.5145,17.33,79,100,13.8,light snow
289,Camacha,PT,33.0833,-16.3333,63.82,55,75,16.11,broken clouds
290,Constitucion,CL,-35.3333,-72.4167,68.2,66,20,19.75,few clouds
291,Taksimo,RU,56.3444,114.8794,5.99,90,83,3.98,broken clouds
292,Ponta Do Sol,PT,32.6667,-17.1,69.01,52,21,10.4,few clouds
293,Namibe,AO,-15.1961,12.1522,77.63,78,0,12.66,clear sky
294,Acapulco,MX,16.8634,-99.8901,89.42,45,0,0.0,clear sky
295,Beringovskiy,RU,63.05,179.3167,13.82,83,98,4.07,overcast clouds
296,Marystown,CA,47.1666,-55.1483,39.29,66,90,26.37,overcast clouds
297,Lensk,RU,60.7253,114.9278,-16.19,99,17,5.14,few clouds
298,Teknaf,BD,20.8624,92.3058,71.89,66,53,8.37,broken clouds
299,Sainte-Maxime,FR,43.3,6.6333,58.19,48,67,14.56,broken clouds
300,Libreville,GA,0.3925,9.4537,79.88,78,74,6.67,broken clouds
301,Dubbo,AU,-32.25,148.6167,53.73,87,85,8.05,overcast clouds
302,Phangnga,TH,8.4509,98.5298,77.04,90,98,1.61,light rain
303,Zacualpan,MX,21.25,-105.1667,89.22,56,8,5.93,clear sky
304,Lorengau,PG,-2.0226,147.2712,81.21,74,98,4.07,overcast clouds
305,Les Cayes,HT,18.2,-73.75,85.3,61,76,10.63,broken clouds
306,Marsa Matruh,EG,31.3525,27.2453,71.8,24,0,11.5,clear sky
307,Touros,BR,-5.1989,-35.4608,83.55,58,39,11.7,scattered clouds
308,Hovd,MN,48.0056,91.6419,12.13,44,0,3.36,clear sky
309,Marabba,SD,12.35,32.1833,82.85,15,19,9.48,few clouds
310,Nema,RU,57.5067,50.5011,20.39,83,43,10.87,scattered clouds
311,Vuktyl,RU,63.8567,57.3094,12.56,92,67,7.96,broken clouds
312,Ban Nahin,LA,18.2418,104.2122,73.38,91,46,3.87,scattered clouds
313,Guerrero Negro,MX,27.9769,-114.0611,68.68,38,1,8.12,clear sky
314,Mingshui,CN,36.7167,117.5,55.54,62,100,3.74,overcast clouds
315,Necochea,AR,-38.5473,-58.7368,75.61,54,94,9.71,overcast clouds
316,Sambava,MG,-14.2667,50.1667,75.51,82,22,1.99,few clouds
317,Havoysund,NO,70.9963,24.6622,35.83,52,77,8.84,broken clouds
318,Tupiza,BO,-21.45,-65.7167,77.61,15,18,5.35,few clouds
319,Bara,NG,10.3744,10.7288,80.31,24,16,6.96,few clouds
320,Wynyard,AU,-41.0,145.7167,51.98,87,100,10.56,overcast clouds
321,Verkhnyaya Sinyachikha,RU,57.976,61.6673,8.71,81,51,5.28,broken clouds
322,Rush,IE,53.5223,-6.0931,46.99,82,20,13.8,few clouds
323,Sorland,NO,67.667,12.6934,44.46,54,20,9.95,few clouds
324,Chuy,UY,-33.6971,-53.4616,77.29,51,28,10.94,scattered clouds
325,Blackwater,AU,-23.5833,148.8833,70.18,82,38,9.93,scattered clouds
326,Maragogi,BR,-9.0122,-35.2225,81.79,67,29,12.21,scattered clouds
327,Samarai,PG,-10.6167,150.6667,82.53,80,99,12.12,overcast clouds
328,Poum,NC,-20.2333,164.0167,77.27,75,55,17.67,broken clouds
329,Papetoai,PF,-17.4961,-149.8729,76.59,80,95,0.98,light rain
330,Asfi,MA,32.2994,-9.2372,67.08,64,76,20.4,broken clouds
331,Saint-Augustin,CA,51.226,-58.6502,31.15,94,100,5.48,light snow
332,Pacifica,US,37.6138,-122.4869,57.67,85,20,3.44,mist
333,Oktyabrskoye,RU,43.0645,44.7417,37.54,75,75,6.71,broken clouds
334,Novaky,SK,48.7111,18.5339,39.43,91,100,6.06,overcast clouds
335,Port Dover,CA,42.7834,-80.1997,36.21,72,93,21.56,overcast clouds
336,Nanortalik,GL,60.1432,-45.2371,27.52,87,98,6.33,overcast clouds
337,Cockburn Town,TC,21.4612,-71.1419,81.59,73,15,17.9,few clouds
338,Nguruka,TZ,-5.1092,31.0419,66.9,88,90,2.15,light rain
339,Kavieng,PG,-2.5744,150.7967,80.58,72,100,8.03,overcast clouds
340,Abeche,TD,13.8292,20.8324,80.33,17,0,8.7,clear sky
341,Collie,AU,-33.3667,116.15,47.7,72,62,4.59,broken clouds
342,Asosa,ET,10.0667,34.5333,66.6,54,64,4.63,broken clouds
343,Coquimbo,CL,-29.9533,-71.3436,64.13,77,75,10.36,broken clouds
344,Atar,MR,20.5169,-13.0499,82.6,11,0,12.24,clear sky
345,Lagos,NG,6.5833,3.75,84.52,78,26,5.79,scattered clouds
346,Port Hardy,CA,50.6996,-127.4199,28.58,100,20,6.91,few clouds
347,Jumla,NP,29.2747,82.1838,41.34,39,0,5.41,clear sky
348,Comodoro Rivadavia,AR,-45.8667,-67.5,80.46,22,0,17.27,clear sky
349,Mountain Home,US,43.133,-115.6912,24.28,93,100,10.36,mist
350,Nizhniy Kuranakh,RU,58.8353,125.4869,11.39,96,100,1.95,overcast clouds
351,Shumskiy,RU,54.8318,99.1328,16.81,94,99,2.55,overcast clouds
352,Darab,IR,28.7519,54.5444,65.57,52,100,2.53,overcast clouds
353,Batagay,RU,67.6333,134.6333,-24.97,100,100,1.79,overcast clouds
354,Saryg-Sep,RU,51.5,95.6,-2.06,97,96,2.82,overcast clouds
355,Sayaxche,GT,16.5167,-90.1667,84.58,55,47,1.7,scattered clouds
356,Kamenka,RU,51.3223,42.7678,29.62,88,100,12.39,overcast clouds
357,Padang,ID,-0.9492,100.3543,75.25,88,98,3.89,light rain
358,Acarau,BR,-2.8856,-40.12,85.32,61,50,18.1,scattered clouds
359,Laguna,US,38.421,-121.4238,56.97,75,0,0.0,clear sky
360,Burns Lake,CA,54.2331,-125.7533,2.62,78,59,2.19,broken clouds
361,Blind River,CA,46.1834,-82.9582,26.71,54,100,4.09,overcast clouds
362,Siocon,PH,7.7061,122.1353,78.4,87,100,1.9,overcast clouds
363,Dingle,PH,10.9995,122.6711,74.88,94,100,8.32,overcast clouds
364,Isfana,KG,39.8386,69.5306,36.16,72,100,3.09,moderate rain
365,Siderno,IT,38.2779,16.302,66.96,79,6,10.8,clear sky
366,Pemangkat,ID,1.1667,108.9667,78.73,84,100,3.18,light rain
367,Naze,JP,28.3667,129.4833,70.72,89,67,9.95,light rain
368,Guaraniacu,BR,-25.1008,-52.8781,79.75,27,0,3.74,clear sky
369,Tautira,PF,-17.7333,-149.15,76.24,86,99,11.83,light rain
370,Bismarck,US,46.8083,-100.7837,12.87,62,0,21.85,clear sky
371,Kamaishi,JP,39.2667,141.8833,45.99,81,49,8.05,scattered clouds
372,Sangmelima,CM,2.9333,11.9833,72.3,77,99,1.14,overcast clouds
373,Mehamn,NO,71.0357,27.8492,37.35,48,0,14.97,clear sky
374,Skibbereen,IE,51.55,-9.2667,45.1,83,45,9.66,scattered clouds
375,Meulaboh,ID,4.1363,96.1285,76.24,88,100,2.66,light rain
376,Marathon,US,44.9,-89.7668,22.24,76,100,19.57,overcast clouds
377,Orleans,US,30.0335,-89.9501,55.0,45,0,10.36,clear sky
378,Mount Gambier,AU,-37.8333,140.7667,57.79,67,52,9.71,light rain
379,Oruro,BO,-17.9833,-67.15,72.09,27,20,6.91,few clouds
380,Garowe,SO,8.4054,48.4845,77.85,63,0,14.88,clear sky
381,Ekibastuz,KZ,51.6667,75.3667,19.8,71,43,4.61,scattered clouds
382,Kutum,SD,14.2,24.6667,69.49,19,4,10.92,clear sky
383,Richards Bay,ZA,-28.783,32.0377,76.5,82,36,6.02,scattered clouds
384,Seydi,TM,39.4816,62.9137,56.53,57,99,7.74,overcast clouds
385,Dalby,AU,-27.1833,151.2667,58.98,73,0,9.35,clear sky
386,Lufkin,US,31.3382,-94.7291,57.33,55,0,8.05,clear sky
387,Allapalli,IN,19.4167,80.0667,62.78,66,89,1.66,overcast clouds
388,Thompson,CA,55.7435,-97.8558,14.16,79,100,19.57,light snow
389,Sibu,MY,2.3,111.8167,75.51,94,40,5.01,scattered clouds
390,Boundiali,CI,9.5217,-6.4869,79.18,29,94,2.82,overcast clouds
391,Burriana,ES,39.889,-0.085,62.67,65,100,11.01,overcast clouds
392,Vila,PT,42.0304,-8.1588,43.68,89,69,2.64,broken clouds
393,Reading,GB,51.4562,-0.9711,52.0,71,100,9.22,overcast clouds
394,Maceio,BR,-9.6658,-35.7353,87.24,66,20,16.11,few clouds
395,Port Lincoln,AU,-34.7333,135.8667,63.3,93,54,5.79,broken clouds
396,Little Current,CA,45.9793,-81.9248,28.42,66,100,3.11,overcast clouds
397,Novoagansk,RU,61.9449,76.6625,5.92,90,100,16.33,overcast clouds
398,Deputatskiy,RU,69.3,139.9,-12.17,90,95,4.56,overcast clouds
399,Aykhal,RU,66.0,111.5,-6.34,95,100,17.0,overcast clouds
400,Gerardmer,FR,48.0735,6.8779,37.24,92,60,5.19,broken clouds
401,Kuusamo,FI,65.9667,29.1833,28.44,93,100,3.44,overcast clouds
402,Bathsheba,BB,13.2167,-59.5167,84.81,74,75,21.85,broken clouds
403,Angoche,MZ,-16.2325,39.9086,79.5,80,0,12.95,clear sky
404,Bhan,PK,26.5583,67.7214,76.46,28,95,0.85,overcast clouds
405,Pangoa,PE,-12.1167,-73.0,91.31,39,100,5.3,overcast clouds
406,Lukovetskiy,RU,64.2956,41.9211,26.26,92,90,4.68,overcast clouds
407,Faanui,PF,-16.4833,-151.75,78.6,80,81,10.63,moderate rain
408,Soyo,AO,-6.1349,12.3689,78.49,75,38,9.57,scattered clouds
409,Adrar,MR,20.5022,-10.0711,75.69,11,0,9.1,clear sky
410,Ilulissat,GL,69.2167,-51.1,4.57,88,89,4.47,overcast clouds
411,Copperas Cove,US,31.1241,-97.9031,53.91,57,100,0.0,overcast clouds
412,Buchanan,LR,5.8808,-10.0467,80.67,77,12,8.19,few clouds
413,Avera,US,33.194,-82.5271,53.55,33,0,0.74,clear sky
414,Cayenne,GF,4.9333,-52.3333,89.64,55,20,9.22,few clouds
415,Saginaw,US,43.3334,-84.0333,30.72,79,100,10.36,overcast clouds
416,Chumikan,RU,54.7183,135.315,14.34,87,19,15.08,few clouds
417,Karratha,AU,-20.7377,116.8463,74.82,33,18,16.28,few clouds
418,Balti,MD,47.7617,27.9289,43.43,86,100,12.03,overcast clouds
419,Isangel,VU,-19.55,169.2667,77.67,82,19,3.98,few clouds
420,Talnakh,RU,69.4865,88.3972,7.21,92,100,21.25,light snow
421,Sitka,US,57.0531,-135.33,37.29,75,0,0.0,clear sky
422,Turbat,PK,26.0023,63.044,75.67,62,81,7.23,broken clouds
423,Ladysmith,CA,48.9829,-123.8194,38.32,86,20,2.3,few clouds
424,Stornoway,GB,58.2093,-6.3865,49.96,89,75,18.41,moderate rain
425,Arrecife,ES,28.963,-13.5477,75.18,69,40,17.27,scattered clouds
426,Bonthe,SL,7.5264,-12.505,81.45,73,44,8.84,light rain
427,Alexandria,EG,31.2156,29.9553,64.94,44,0,1.52,clear sky
428,Preeceville,CA,51.95,-102.6677,18.52,84,100,17.72,overcast clouds
429,Sarangani,PH,5.4033,125.4636,82.35,75,100,8.23,overcast clouds
430,Dukat,RU,62.55,155.55,-27.9,96,41,5.17,scattered clouds
431,Bud,US,39.447,-86.1758,30.97,58,74,16.31,broken clouds
432,Vila Velha,BR,-20.3297,-40.2925,80.55,65,20,20.71,few clouds
433,Rodino,RU,52.5,80.25,9.45,96,12,2.64,few clouds
434,Guiglo,CI,6.5456,-7.4966,76.87,57,8,0.87,clear sky
435,Carlos Antonio Lopez,PY,-26.4,-54.7667,91.89,22,0,4.12,clear sky
436,Egvekinot,RU,66.3167,-179.1667,-8.41,100,100,4.03,overcast clouds
437,Kushima,JP,31.4583,131.2333,60.82,87,100,12.5,overcast clouds
438,Malinyi,TZ,-8.9333,36.1333,77.81,64,73,2.93,broken clouds
439,Sibolga,ID,1.7427,98.7792,75.22,88,100,2.46,overcast clouds
440,Wanaka,NZ,-44.7,169.15,54.84,94,99,4.21,overcast clouds
441,Verkhneuralsk,RU,53.8769,59.2106,21.83,96,100,7.7,snow
442,Haines Junction,CA,60.7522,-137.5108,4.95,85,66,2.3,broken clouds
443,Zhigansk,RU,66.7697,123.3711,-27.08,98,21,12.77,few clouds
444,Lieksa,FI,63.3167,30.0167,25.05,94,20,6.73,few clouds
445,Davila,PH,18.4726,120.5763,79.45,80,75,14.38,broken clouds
446,Rio Gallegos,AR,-51.6226,-69.2181,66.25,18,75,16.11,broken clouds
447,Male,MV,4.1748,73.5089,82.35,83,75,14.97,broken clouds
448,Coos Bay,US,43.3665,-124.2179,45.14,61,0,5.75,clear sky
449,Peniche,PT,39.3558,-9.3811,59.56,81,12,21.85,few clouds
450,Saldanha,ZA,-33.0117,17.9442,64.45,76,95,10.54,overcast clouds
451,Zeya,RU,53.75,127.2667,13.26,96,93,4.05,overcast clouds
452,Innisfail,AU,-17.5333,146.0333,75.63,85,62,2.24,broken clouds
453,Chiradzulu,MW,-15.6746,35.1407,77.56,32,58,6.2,broken clouds
454,Tiznit,MA,29.5833,-9.5,61.68,84,64,10.11,broken clouds
455,Waipawa,NZ,-41.4122,175.5153,56.12,98,100,2.3,light rain
456,Simao,CN,22.7886,100.9748,59.27,95,31,1.57,scattered clouds
457,Kabanjahe,ID,3.1001,98.4908,62.94,95,100,1.79,moderate rain
458,Namangan,UZ,40.9983,71.6726,45.05,65,100,2.3,mist
459,Ndele,CF,8.4109,20.6473,79.25,27,75,4.03,broken clouds
460,Mecca,SA,21.4267,39.8261,78.49,66,0,7.49,clear sky
461,Vostok,RU,46.4856,135.8833,18.39,98,99,2.66,overcast clouds
462,Nynashamn,SE,58.9034,17.9479,33.17,63,96,19.71,overcast clouds
463,Vrangel,RU,42.7297,133.0839,36.3,69,50,8.79,scattered clouds
464,Dingzhou,CN,38.5131,114.9956,48.31,59,96,0.85,overcast clouds
465,Yulara,AU,-25.2406,130.9889,74.35,24,0,11.56,clear sky
466,Cozumel,MX,20.5083,-86.9458,84.27,74,75,15.99,broken clouds
467,Kirkwood,US,38.5834,-90.4068,30.58,55,40,14.97,scattered clouds
468,Grindavik,IS,63.8424,-22.4338,41.47,81,40,13.8,scattered clouds
469,Geraldton,AU,-28.7667,114.6,59.41,63,100,9.22,overcast clouds
470,Inirida,CO,3.8653,-67.9239,82.0,74,99,2.17,overcast clouds
471,Sioux Lookout,CA,50.1001,-91.917,15.87,73,75,12.66,broken clouds
472,Hofn,IS,64.2539,-15.2082,46.42,93,100,16.11,overcast clouds
473,Nueva Italia,PY,-25.6167,-57.5,90.66,37,0,8.86,clear sky
474,Pietroasa,RO,46.5833,22.55,46.96,92,100,3.74,light rain
475,Porto Novo,BJ,6.4965,2.6036,84.02,73,51,7.38,broken clouds
476,Hamilton,US,39.1834,-84.5333,35.24,52,75,21.85,broken clouds
477,Rokupr,SL,8.6717,-12.395,78.66,59,98,2.1,overcast clouds
478,Baykit,RU,61.67,96.37,4.03,89,100,6.87,overcast clouds
479,Walvis Bay,NA,-22.9575,14.5053,68.95,60,0,12.66,clear sky
480,Zhezkazgan,KZ,47.8043,67.7144,21.18,93,0,13.42,clear sky
481,Pontal Do Parana,BR,-25.6533,-48.5128,80.98,26,0,6.91,clear sky
482,Olinda,BR,-8.0089,-34.8553,83.93,61,40,10.36,scattered clouds
483,Leningradskiy,RU,69.3833,178.4167,-4.86,97,78,4.09,broken clouds
484,Kyra,RU,49.5776,111.9753,17.04,88,100,11.54,light snow
485,Narsaq,GL,60.9167,-46.05,23.22,87,90,4.12,overcast clouds
486,Inta,RU,66.0317,60.1659,6.91,94,81,12.3,broken clouds
487,Ellensburg,US,46.9965,-120.5479,32.09,60,0,3.96,clear sky
488,Floro,NO,61.5996,5.0328,44.56,61,0,4.61,clear sky
489,Essau,GM,13.4839,-16.5347,89.76,37,100,6.8,overcast clouds
490,Anito,PH,12.4497,125.2886,76.01,95,100,4.41,moderate rain
491,Hay River,CA,60.8156,-115.7999,17.58,67,75,6.91,broken clouds
492,Natal,BR,-5.795,-35.2094,86.65,54,40,13.8,scattered clouds
493,Araouane,ML,18.9048,-3.5265,75.36,14,37,3.53,scattered clouds
494,Bam,IR,29.106,58.357,66.4,36,100,3.65,overcast clouds
495,Bilma,NE,18.6853,12.9164,73.53,17,42,4.36,scattered clouds
496,Rawson,AR,-43.3002,-65.1023,69.39,47,12,12.97,few clouds
497,Broken Hill,AU,-31.95,141.4333,69.73,27,60,22.26,broken clouds
498,Nemuro,JP,43.3236,145.575,41.65,61,51,8.37,broken clouds
499,Anton Lizardo,MX,19.05,-95.9833,75.22,80,92,15.12,overcast clouds
500,Poya,NC,-21.35,165.15,73.0,81,100,7.07,overcast clouds
501,Ishigaki,JP,24.3448,124.1572,73.53,94,20,5.75,few clouds
502,Sobolevo,RU,54.4299,31.8996,21.97,77,67,4.52,broken clouds
503,Port Hedland,AU,-20.3167,118.5667,73.45,83,72,10.36,broken clouds
504,Kysyl-Syr,RU,63.8986,122.7617,-28.48,99,62,2.66,broken clouds
505,Novaya Mayna,RU,54.15,49.75,34.47,99,100,12.91,snow
506,Sur,OM,22.5667,59.5289,77.74,62,0,8.28,clear sky
507,Bafang,CM,5.1563,10.1788,66.58,67,61,2.46,broken clouds
508,Aklavik,CA,68.2191,-135.0107,12.2,85,75,2.3,broken clouds
509,Kavaratti,IN,10.5669,72.642,82.02,61,69,5.75,broken clouds
510,Sao Jose Da Coroa Grande,BR,-8.8978,-35.1478,81.82,67,37,11.52,scattered clouds
511,Payakumbuh,ID,-0.2202,100.6308,69.15,93,100,3.62,light rain
512,Esil,KZ,51.9556,66.4042,19.09,91,100,5.35,overcast clouds
513,Iranshahr,IR,27.2025,60.6848,71.94,40,0,0.0,clear sky
514,Vestmannaeyjar,IS,63.4427,-20.2734,45.59,65,75,13.8,broken clouds
515,Mackenzie,CA,55.2999,-123.1698,-3.78,77,0,2.3,clear sky
516,Bilibino,RU,68.0546,166.4372,-27.67,94,10,4.16,clear sky
517,La Macarena,CO,2.1837,-73.7849,89.87,48,67,3.85,broken clouds
518,Waitara,NZ,-38.925,174.25,58.5,85,74,15.48,light rain
519,Pelagiada,RU,45.2064,42.0236,47.75,93,40,4.47,scattered clouds
520,Goure,NE,13.9835,10.2704,75.18,17,30,9.51,scattered clouds
521,Vestmanna,FO,62.1564,-7.1664,45.52,87,100,28.77,light intensity drizzle
522,Dangtu,CN,31.5723,118.4928,60.85,94,100,3.38,overcast clouds
523,Gobabis,NA,-22.45,18.9667,80.31,33,76,14.65,broken clouds
524,Zhuhai,CN,22.2769,113.5678,77.86,78,40,8.05,scattered clouds
525,Kiama,AU,-34.6833,150.8667,57.0,87,51,3.47,broken clouds
526,Okhotsk,RU,59.3833,143.3,-1.3,75,12,12.35,few clouds
527,Alappuzha,IN,9.49,76.3264,75.99,82,84,2.77,broken clouds
528,Aripuana,BR,-9.1667,-60.6333,87.62,56,100,2.64,overcast clouds
529,Karaton,ID,-6.3424,106.1045,74.05,95,100,4.85,overcast clouds
530,Rutana,BI,-3.8667,30.1,58.89,92,88,2.13,moderate rain
531,Huangpi,CN,30.8845,114.3779,57.31,88,96,2.24,mist
532,Verkhnyaya Toyma,RU,62.2349,44.9985,18.21,95,85,5.41,overcast clouds
533,Xichang,CN,27.8964,102.2634,45.84,81,1,3.56,clear sky
534,Pedasi,PA,7.5333,-80.0333,80.85,78,85,10.11,light rain
535,Sept-Iles,CA,50.2001,-66.3821,28.92,71,75,6.91,broken clouds
536,Rio Grande,BR,-32.035,-52.0986,87.91,59,10,13.04,clear sky
537,Deulgaon Raja,IN,20.0167,76.0333,64.27,45,0,7.11,clear sky
538,Kudahuvadhoo,MV,2.6708,72.8944,82.08,77,100,15.46,overcast clouds
539,Gigmoto,PH,13.7796,124.39,79.65,88,100,11.65,heavy intensity rain
540,Yellandu,IN,17.6,80.3333,63.59,59,98,2.84,overcast clouds
541,Tibati,CM,6.4667,12.6333,77.2,34,73,5.12,broken clouds
542,Camden,US,39.7835,-74.9663,45.91,44,0,5.01,clear sky
543,Christchurch,NZ,-43.5333,172.6333,58.91,95,75,18.41,moderate rain
544,Chapais,CA,49.7834,-74.8492,13.78,81,100,8.14,overcast clouds
545,Northam,GB,51.0333,-4.2167,49.6,75,33,11.86,scattered clouds
546,Rongcheng,CN,30.634,117.8517,61.32,97,100,2.04,overcast clouds
547,Neryungri,RU,56.6709,124.6491,8.33,96,100,4.56,overcast clouds
548,Terrace Bay,CA,48.7834,-87.1,22.01,65,99,11.16,overcast clouds
549,Saravan,AM,39.7196,45.6483,36.99,68,69,5.06,broken clouds
550,Port Keats,AU,-14.25,129.55,83.32,77,90,9.64,overcast clouds
551,Pangkalanbuun,ID,-2.6833,111.6167,73.6,98,100,1.68,overcast clouds
552,Saint-Georges,GD,12.0564,-61.7485,85.68,74,40,23.02,scattered clouds
553,Alice Springs,AU,-23.7,133.8833,71.15,83,75,14.97,broken clouds
554,Zapolyarnyy,RU,69.4154,30.8136,27.68,88,99,8.21,overcast clouds
555,Port-Gentil,GA,-0.7193,8.7815,80.56,78,20,10.36,few clouds
556,Mairana,BO,-18.1167,-63.9333,84.58,24,54,9.4,broken clouds
557,Songea,TZ,-10.6833,35.65,76.35,61,20,4.61,few clouds
558,Agadez,NE,19.75,10.25,69.17,15,1,6.62,clear sky
559,Tupelo,US,34.2576,-88.7034,49.82,47,0,6.91,clear sky
560,Kaka,TM,37.3482,59.6143,56.71,64,5,4.88,clear sky
561,Kedrovyy,RU,56.1667,91.8167,5.41,98,94,3.13,overcast clouds
562,Quatre Cocos,MU,-20.2078,57.7625,71.71,70,46,6.02,scattered clouds
563,Santa Rosalia,MX,27.3167,-112.2833,68.67,33,61,2.39,broken clouds
564,Staryy Nadym,RU,65.6118,72.6842,-0.85,91,100,19.8,overcast clouds
565,Balsas,BR,-7.5325,-46.0356,86.05,52,100,7.56,overcast clouds
566,Kinshasa,CD,-4.3246,15.3215,73.29,91,93,3.31,overcast clouds
567,Palmer,US,42.1584,-72.3287,43.63,47,40,9.22,scattered clouds
568,Antipovka,RU,49.8299,45.3122,37.9,82,80,14.54,broken clouds
569,Warwick,US,41.7001,-71.4162,46.08,47,40,23.02,scattered clouds
570,Tyukhtet,RU,56.5389,89.3011,8.33,97,92,4.25,overcast clouds
571,Ucluelet,CA,48.9329,-125.5528,42.1,72,6,4.16,clear sky
572,Bertrix,BE,49.856,5.2554,44.65,96,100,4.59,overcast clouds
573,Mulege,MX,26.8833,-111.9833,71.49,36,71,2.91,broken clouds
574,Batticaloa,LK,7.7102,81.6924,75.54,84,98,12.55,overcast clouds
575,Tura,IN,25.5198,90.2201,62.38,83,4,4.59,clear sky
576,Broome,US,42.2506,-75.833,39.02,57,81,7.0,broken clouds
577,Hanting,CN,36.7708,119.2108,54.19,75,100,4.79,overcast clouds
578,Emba,KZ,48.8264,58.1442,27.12,77,34,7.25,scattered clouds
579,Mandalgovi,MN,45.7625,106.2708,12.4,69,15,24.85,few clouds
580,Vermillion,US,42.7794,-96.9292,19.56,47,83,15.97,broken clouds
581,Perth,AU,-31.9333,115.8333,53.19,90,75,5.75,broken clouds
582,Beloslav,BG,43.1833,27.7,60.85,99,69,8.05,broken clouds
583,Nouakchott,MR,18.0858,-15.9785,94.93,35,0,9.66,clear sky
584,Buala,SB,-8.145,159.5921,78.98,82,92,3.29,light rain
585,Saint-Joseph,RE,-21.3667,55.6167,71.98,67,8,5.93,clear sky
586,Talcahuano,CL,-36.7167,-73.1167,67.68,68,20,14.97,few clouds
587,Bardiyah,LY,31.7561,25.0865,71.28,34,5,13.51,clear sky
588,Labelle,US,26.7617,-81.4384,69.87,55,79,9.98,broken clouds
589,Tazovskiy,RU,67.4667,78.7,1.71,93,100,18.95,overcast clouds
590,Kimry,RU,56.8667,37.35,24.28,94,100,7.38,light snow
591,Key West,US,24.5557,-81.7826,82.4,77,100,13.8,overcast clouds
592,Bourail,NC,-21.5667,165.4833,71.96,86,100,7.34,overcast clouds
593,Bacolod,PH,10.6667,122.95,77.23,89,100,8.14,overcast clouds
594,Aksu,CN,41.1231,80.2644,37.6,33,59,3.18,broken clouds
595,Longyan,CN,25.1072,117.0225,66.88,93,58,1.25,broken clouds
596,Kyzyl,RU,51.7,94.45,2.37,94,96,1.3,overcast clouds
597,Lakatoro,VU,-16.0999,167.4164,79.7,79,6,2.71,clear sky
598,La Asuncion,VE,11.0333,-63.8628,83.93,79,11,12.66,few clouds
599,Thurso,GB,58.5927,-3.5259,50.25,83,100,32.88,overcast clouds
600,Ipixuna,BR,-1.7625,-48.8043,86.65,61,76,5.84,broken clouds
601,Talara,PE,-4.5772,-81.2719,81.36,57,0,17.27,clear sky
602,Yago,MX,21.8333,-105.0667,86.65,42,4,4.29,clear sky
603,Chitral,PK,35.8462,71.7858,43.32,50,94,4.81,overcast clouds
604,Ixtapa,MX,20.7,-105.2,79.83,65,0,0.0,clear sky
605,Oranjemund,NA,-28.55,16.4333,61.93,80,89,14.16,overcast clouds
606,Cascais,PT,38.6979,-9.4215,59.97,78,20,15.01,few clouds
607,Nizhniy Tsasuchey,RU,50.5167,115.1333,20.71,94,100,13.65,snow
608,Kongolo,CD,-5.3833,27.0,70.39,97,96,4.14,light rain
609,Voskresenskoye,RU,56.8381,45.4317,25.7,88,100,15.23,light snow
610,Sao Gabriel Da Cachoeira,BR,-0.1303,-67.0892,80.4,83,40,5.75,scattered clouds
611,Mhango,TZ,-3.2833,32.85,68.92,83,96,4.03,overcast clouds
612,Port Augusta,AU,-32.5,137.7667,77.54,32,27,21.14,scattered clouds
613,Isiro,CD,2.7739,27.616,66.07,99,90,2.71,light rain
614,Beeville,US,28.4008,-97.7483,57.38,44,100,11.5,overcast clouds
615,Ashington,GB,50.9331,-0.3909,51.82,79,75,6.91,broken clouds
616,Tongliao,CN,43.6125,122.2653,32.52,78,100,9.98,overcast clouds
617,Trat,TH,12.5,102.5,79.88,94,85,1.28,overcast clouds
618,Puerto Del Rosario,ES,28.5004,-13.8627,74.95,73,40,16.11,scattered clouds
619,San Carlos De Bariloche,AR,-41.1456,-71.3082,65.95,39,40,23.02,scattered clouds
620,Mahon,ES,39.8885,4.2658,61.36,82,20,5.75,few clouds
621,Jian,CN,27.1172,114.9793,60.64,94,100,7.14,overcast clouds
622,Bure,ET,10.7,37.0667,60.35,73,66,4.47,broken clouds
623,Skoghall,SE,59.3232,13.4655,34.36,76,100,8.05,overcast clouds
624,Marsaxlokk,MT,35.8419,14.5431,71.08,88,20,6.91,few clouds
625,Waimana,NZ,-38.15,177.0833,59.04,97,65,2.24,broken clouds
626,Leua,SK,48.2156,18.6071,43.92,86,100,5.91,light rain
627,Vardo,NO,70.3705,31.1107,33.78,86,20,26.46,few clouds
628,Lichuan,CN,30.3,108.85,49.14,96,99,1.43,overcast clouds
629,San Lawrenz,MT,36.0553,14.204,69.85,84,0,1.99,clear sky
630,Arani,IN,12.6667,79.2833,69.55,79,100,5.44,overcast clouds
631,Mathathane,BW,-22.2687,28.7495,91.38,27,32,8.46,scattered clouds
632,Clyde,US,41.3042,-82.9752,30.9,74,100,20.56,overcast clouds
633,Ko Samui,TH,9.5357,99.9357,81.39,75,88,1.45,overcast clouds
634,Lardos,GR,36.0942,28.0157,68.95,84,18,11.23,few clouds
635,Weyburn,CA,49.6668,-103.8511,17.82,53,100,23.02,overcast clouds
636,Iquitos,PE,-3.7481,-73.2472,89.64,70,75,3.44,broken clouds
637,Vila Franca Do Campo,PT,37.7167,-25.4333,64.2,65,40,3.29,scattered clouds
638,Wadi Musa,JO,30.3222,35.4793,55.99,51,11,7.2,few clouds
639,Soverato,IT,38.685,16.5499,69.75,82,25,14.12,scattered clouds
640,Blyth,GB,55.1271,-1.5086,49.08,86,20,3.44,few clouds
641,Antofagasta,CL,-23.65,-70.4,65.48,65,19,8.23,few clouds
642,Pital,CO,2.2665,-75.8044,86.0,44,98,3.4,overcast clouds
643,Stonewall,CA,50.1344,-97.3268,17.02,93,100,15.37,light snow
644,Vadum,DK,57.1179,9.857,39.97,65,75,14.97,broken clouds
645,Bosaso,SO,11.2842,49.1816,78.78,69,11,4.07,few clouds
646,Khandyga,RU,62.6667,135.6,-5.55,99,100,1.99,overcast clouds
647,Enshi,CN,30.3,109.4833,56.23,90,99,0.81,overcast clouds
648,Buluang,PH,13.3068,123.3425,75.88,91,100,3.13,moderate rain
649,Lasa,IT,46.6166,10.7002,43.68,92,31,5.97,scattered clouds
650,Quebo,GW,11.3333,-14.9333,83.46,46,100,2.51,overcast clouds
651,Sao Miguel Do Araguaia,BR,-13.275,-50.1628,90.73,45,66,3.44,broken clouds
652,Parvatipuram,IN,18.7833,83.4333,64.67,61,59,4.32,broken clouds
653,Roald,NO,62.5833,6.1333,44.76,65,0,5.75,clear sky
654,Ornskoldsvik,SE,63.2909,18.7153,25.75,93,100,8.05,overcast clouds
655,Coahuayana,MX,18.7333,-103.6833,88.48,51,0,5.21,clear sky
656,Kristiinankaupunki,FI,62.2743,21.376,28.24,86,19,8.63,few clouds
657,Palana,RU,59.1167,159.9667,20.57,62,100,26.35,overcast clouds
658,Ushibuka,JP,32.1906,130.0228,63.97,81,93,8.05,light rain
659,Bonavista,CA,48.6499,-53.1147,39.87,62,12,21.0,few clouds
660,Aranos,NA,-24.1333,19.1167,86.11,15,62,7.25,broken clouds
661,Portland,US,45.5234,-122.6762,45.99,41,0,15.01,clear sky
662,Novopokrovka,UA,49.8425,36.5477,23.95,94,46,3.53,scattered clouds
663,Ranong,TH,9.9658,98.6348,75.54,88,95,1.34,overcast clouds
664,Latung,PH,5.5,120.8833,82.13,74,71,2.44,broken clouds
665,Uyuni,BO,-20.4597,-66.825,71.91,11,20,14.38,few clouds
666,Mahajanga,MG,-15.7167,46.3167,80.62,78,20,6.91,few clouds
667,Itatskiy,RU,56.07,89.0369,7.74,98,89,3.65,overcast clouds
668,Placido De Castro,BR,-10.3353,-67.1856,96.76,37,100,2.91,overcast clouds
669,Galveston,US,29.3669,-94.9669,57.02,59,88,1.99,overcast clouds
670,Baoying,CN,33.2292,119.3092,58.64,96,100,6.89,overcast clouds
671,Jacareacanga,BR,-6.2222,-57.7528,84.13,69,100,2.3,overcast clouds
672,Negru Voda,RO,43.8167,28.2,57.33,90,86,11.05,overcast clouds
673,Codrington,AU,-38.2667,141.9667,55.18,73,59,9.66,broken clouds
674,Curup,ID,-3.4667,102.5333,66.9,98,100,1.88,overcast clouds
675,Berezovyy,RU,51.6667,135.7,18.18,83,40,2.8,scattered clouds
676,Komsomolskiy,UZ,40.4272,71.7189,45.32,76,100,6.91,mist
677,Alofi,NU,-19.0595,-169.9187,67.89,100,40,1.14,scattered clouds
678,Rochester,US,43.1548,-77.6156,35.31,81,40,17.27,light rain
679,Guayaramerin,BO,-10.8368,-65.3614,87.85,66,75,6.91,broken clouds
680,Tateyama,JP,34.9833,139.8667,60.49,69,12,9.31,few clouds
681,Jeremie,HT,18.65,-74.1167,82.89,73,91,4.79,overcast clouds
682,Hornepayne,CA,49.2138,-84.7705,19.98,66,100,7.16,overcast clouds
683,Blagoyevo,RU,63.3667,47.9167,19.47,93,91,3.98,overcast clouds
684,New London,US,41.4834,-72.0662,45.14,47,0,13.8,clear sky
685,Penzance,GB,50.1186,-5.5371,47.08,63,92,13.27,overcast clouds
686,Sanary-Sur-Mer,FR,43.1178,5.8001,56.86,58,66,19.98,broken clouds
687,Matay,EG,28.419,30.7792,67.87,39,0,7.27,clear sky
688,Ostrovnoy,RU,68.0531,39.5131,30.56,85,98,4.43,overcast clouds
689,Meadow Lake,US,34.8014,-106.5436,40.69,45,100,5.68,overcast clouds
690,Shiyan,CN,32.6475,110.7781,52.79,79,61,1.43,broken clouds
